날짜,요일,인원,데이터기준일자
2018-01-01,월,3546,2021-08-27
2018-01-02,화,686,2021-08-27
2018-01-03,수,996,2021-08-27
2018-01-04,목,483,2021-08-27
2018-01-05,금,723,2021-08-27
2018-01-06,토,1803,2021-08-27
2018-01-07,일,2111,2021-08-27
2018-01-08,월,533,2021-08-27
2018-01-09,화,506,2021-08-27
2018-01-10,수,622,2021-08-27
2018-01-11,목,471,2021-08-27
2018-01-12,금,496,2021-08-27
2018-01-13,토,1905,2021-08-27
2018-01-14,일,2164,2021-08-27
2018-01-15,월,924,2021-08-27
2018-01-16,화,556,2021-08-27
2018-01-17,수,642,2021-08-27
2018-01-18,목,646,2021-08-27
2018-01-19,금,715,2021-08-27
2018-01-20,토,1888,2021-08-27
2018-01-21,일,2272,2021-08-27
2018-01-22,월,738,2021-08-27
2018-01-23,화,366,2021-08-27
2018-01-24,수,324,2021-08-27
2018-01-25,목,332,2021-08-27
2018-01-26,금,460,2021-08-27
2018-01-27,토,1806,2021-08-27
2018-01-28,일,2002,2021-08-27
2018-01-29,월,623,2021-08-27
2018-01-30,화,991,2021-08-27
2018-01-31,수,1254,2021-08-27
2018-02-01,목,396,2021-08-27
2018-02-02,금,944,2021-08-27
2018-02-03,토,818,2021-08-27
2018-02-04,일,2029,2021-08-27
2018-02-05,월,429,2021-08-27
2018-02-06,화,242,2021-08-27
2018-02-07,수,262,2021-08-27
2018-02-08,목,422,2021-08-27
2018-02-09,금,416,2021-08-27
2018-02-10,토,1296,2021-08-27
2018-02-11,일,1131,2021-08-27
2018-02-12,월,397,2021-08-27
2018-02-13,화,430,2021-08-27
2018-02-14,수,531,2021-08-27
2018-02-15,목,1797,2021-08-27
2018-02-16,금,4322,2021-08-27
2018-02-17,토,3959,2021-08-27
2018-02-18,일,3321,2021-08-27
2018-02-19,월,623,2021-08-27
2018-02-20,화,700,2021-08-27
2018-02-21,수,721,2021-08-27
2018-02-22,목,803,2021-08-27
2018-02-23,금,832,2021-08-27
2018-02-24,토,2373,2021-08-27
2018-02-25,일,2211,2021-08-27
2018-02-26,월,815,2021-08-27
2018-02-27,화,932,2021-08-27
2018-02-28,수,377,2021-08-27
2018-03-01,목,1714,2021-08-27
2018-03-02,금,901,2021-08-27
2018-03-03,토,2909,2021-08-27
2018-03-04,일,2353,2021-08-27
2018-03-05,월,343,2021-08-27
2018-03-06,화,579,2021-08-27
2018-03-07,수,400,2021-08-27
2018-03-08,목,322,2021-08-27
2018-03-09,금,690,2021-08-27
2018-03-10,토,2508,2021-08-27
2018-03-11,일,3218,2021-08-27
2018-03-12,월,750,2021-08-27
2018-03-13,화,643,2021-08-27
2018-03-14,수,1351,2021-08-27
2018-03-15,목,884,2021-08-27
2018-03-16,금,846,2021-08-27
2018-03-17,토,4893,2021-08-27
2018-03-18,일,5155,2021-08-27
2018-03-19,월,970,2021-08-27
2018-03-20,화,1300,2021-08-27
2018-03-21,수,603,2021-08-27
2018-03-22,목,1901,2021-08-27
2018-03-23,금,1667,2021-08-27
2018-03-24,토,5775,2021-08-27
2018-03-25,일,6516,2021-08-27
2018-03-26,월,1909,2021-08-27
2018-03-27,화,2334,2021-08-27
2018-03-28,수,2329,2021-08-27
2018-03-29,목,1544,2021-08-27
2018-03-30,금,2320,2021-08-27
2018-03-31,토,6096,2021-08-27
2018-04-01,일,6251,2021-08-27
2018-04-02,월,1751,2021-08-27
2018-04-03,화,2395,2021-08-27
2018-04-04,수,2368,2021-08-27
2018-04-05,목,1620,2021-08-27
2018-04-06,금,2949,2021-08-27
2018-04-07,토,5507,2021-08-27
2018-04-08,일,6442,2021-08-27
2018-04-09,월,2719,2021-08-27
2018-04-10,화,3080,2021-08-27
2018-04-11,수,2567,2021-08-27
2018-04-12,목,3240,2021-08-27
2018-04-13,금,2740,2021-08-27
2018-04-14,토,3258,2021-08-27
2018-04-15,일,5070,2021-08-27
2018-04-16,월,1725,2021-08-27
2018-04-17,화,2249,2021-08-27
2018-04-18,수,2140,2021-08-27
2018-04-19,목,2031,2021-08-27
2018-04-20,금,2456,2021-08-27
2018-04-21,토,5137,2021-08-27
2018-04-22,일,4430,2021-08-27
2018-04-23,월,870,2021-08-27
2018-04-24,화,2296,2021-08-27
2018-04-25,수,1630,2021-08-27
2018-04-26,목,2801,2021-08-27
2018-04-27,금,2087,2021-08-27
2018-04-28,토,5100,2021-08-27
2018-04-29,일,5988,2021-08-27
2018-04-30,월,1858,2021-08-27
2018-05-01,화,3494,2021-08-27
2018-05-02,수,1170,2021-08-27
2018-05-03,목,2190,2021-08-27
2018-05-04,금,2428,2021-08-27
2018-05-05,토,8970,2021-08-27
2018-05-06,일,6640,2021-08-27
2018-05-07,월,4661,2021-08-27
2018-05-08,화,1424,2021-08-27
2018-05-09,수,3583,2021-08-27
2018-05-10,목,2294,2021-08-27
2018-05-11,금,2275,2021-08-27
2018-05-12,토,3070,2021-08-27
2018-05-13,일,5189,2021-08-27
2018-05-14,월,1825,2021-08-27
2018-05-15,화,2814,2021-08-27
2018-05-16,수,2813,2021-08-27
2018-05-17,목,6461,2021-08-27
2018-05-18,금,30870,2021-08-27
2018-05-19,토,24278,2021-08-27
2018-05-20,일,24296,2021-08-27
2018-05-21,월,13347,2021-08-27
2018-05-22,화,15772,2021-08-27
2018-05-23,수,1417,2021-08-27
2018-05-24,목,2406,2021-08-27
2018-05-25,금,2209,2021-08-27
2018-05-26,토,4376,2021-08-27
2018-05-27,일,4712,2021-08-27
2018-05-28,월,1533,2021-08-27
2018-05-29,화,2199,2021-08-27
2018-05-30,수,1857,2021-08-27
2018-05-31,목,842,2021-08-27
2018-06-01,금,964,2021-08-27
2018-06-02,토,2841,2021-08-27
2018-06-03,일,3570,2021-08-27
2018-06-04,월,628,2021-08-27
2018-06-05,화,1329,2021-08-27
2018-06-06,수,2386,2021-08-27
2018-06-07,목,1106,2021-08-27
2018-06-08,금,1333,2021-08-27
2018-06-09,토,3300,2021-08-27
2018-06-10,일,3073,2021-08-27
2018-06-11,월,931,2021-08-27
2018-06-12,화,1050,2021-08-27
2018-06-13,수,2062,2021-08-27
2018-06-14,목,794,2021-08-27
2018-06-15,금,912,2021-08-27
2018-06-16,토,2692,2021-08-27
2018-06-17,일,3643,2021-08-27
2018-06-18,월,1293,2021-08-27
2018-06-19,화,1339,2021-08-27
2018-06-20,수,1137,2021-08-27
2018-06-21,목,2371,2021-08-27
2018-06-22,금,586,2021-08-27
2018-06-23,토,2571,2021-08-27
2018-06-24,일,2835,2021-08-27
2018-06-25,월,528,2021-08-27
2018-06-26,화,524,2021-08-27
2018-06-27,수,947,2021-08-27
2018-06-28,목,425,2021-08-27
2018-06-29,금,446,2021-08-27
2018-06-30,토,1042,2021-08-27
2018-07-01,일,1327,2021-08-27
2018-07-02,월,308,2021-08-27
2018-07-03,화,340,2021-08-27
2018-07-04,수,378,2021-08-27
2018-07-05,목,347,2021-08-27
2018-07-06,금,629,2021-08-27
2018-07-07,토,2327,2021-08-27
2018-07-08,일,2896,2021-08-27
2018-07-09,월,516,2021-08-27
2018-07-10,화,838,2021-08-27
2018-07-11,수,410,2021-08-27
2018-07-12,목,611,2021-08-27
2018-07-13,금,700,2021-08-27
2018-07-14,토,1318,2021-08-27
2018-07-15,일,1364,2021-08-27
2018-07-16,월,366,2021-08-27
2018-07-17,화,495,2021-08-27
2018-07-18,수,387,2021-08-27
2018-07-19,목,527,2021-08-27
2018-07-20,금,563,2021-08-27
2018-07-21,토,1052,2021-08-27
2018-07-22,일,1884,2021-08-27
2018-07-23,월,685,2021-08-27
2018-07-24,화,588,2021-08-27
2018-07-25,수,595,2021-08-27
2018-07-26,목,820,2021-08-27
2018-07-27,금,1006,2021-08-27
2018-07-28,토,1777,2021-08-27
2018-07-29,일,2339,2021-08-27
2018-07-30,월,2264,2021-08-27
2018-07-31,화,2114,2021-08-27
2018-08-01,수,1944,2021-08-27
2018-08-02,목,3076,2021-08-27
2018-08-03,금,3541,2021-08-27
2018-08-04,토,2986,2021-08-27
2018-08-05,일,3627,2021-08-27
2018-08-06,월,2640,2021-08-27
2018-08-07,화,1305,2021-08-27
2018-08-08,수,1996,2021-08-27
2018-08-09,목,1168,2021-08-27
2018-08-10,금,1464,2021-08-27
2018-08-11,토,2828,2021-08-27
2018-08-12,일,3731,2021-08-27
2018-08-13,월,1179,2021-08-27
2018-08-14,화,1269,2021-08-27
2018-08-15,수,2147,2021-08-27
2018-08-16,목,1726,2021-08-27
2018-08-17,금,4188,2021-08-27
2018-08-18,토,2301,2021-08-27
2018-08-19,일,3889,2021-08-27
2018-08-20,월,1670,2021-08-27
2018-08-21,화,1110,2021-08-27
2018-08-22,수,847,2021-08-27
2018-08-23,목,574,2021-08-27
2018-08-24,금,475,2021-08-27
2018-08-25,토,2667,2021-08-27
2018-08-26,일,1050,2021-08-27
2018-08-27,월,712,2021-08-27
2018-08-28,화,979,2021-08-27
2018-08-29,수,825,2021-08-27
2018-08-30,목,750,2021-08-27
2018-08-31,금,646,2021-08-27
2018-09-01,토,2891,2021-08-27
2018-09-02,일,2444,2021-08-27
2018-09-03,월,1194,2021-08-27
2018-09-04,화,987,2021-08-27
2018-09-05,수,1209,2021-08-27
2018-09-06,목,1305,2021-08-27
2018-09-07,금,1302,2021-08-27
2018-09-08,토,2690,2021-08-27
2018-09-09,일,2869,2021-08-27
2018-09-10,월,942,2021-08-27
2018-09-11,화,1932,2021-08-27
2018-09-12,수,994,2021-08-27
2018-09-13,목,845,2021-08-27
2018-09-14,금,709,2021-08-27
2018-09-15,토,1743,2021-08-27
2018-09-16,일,2085,2021-08-27
2018-09-17,월,1134,2021-08-27
2018-09-18,화,1069,2021-08-27
2018-09-19,수,2085,2021-08-27
2018-09-20,목,1074,2021-08-27
2018-09-21,금,1329,2021-08-27
2018-09-22,토,7003,2021-08-27
2018-09-23,일,29408,2021-08-27
2018-09-24,월,48839,2021-08-27
2018-09-25,화,87576,2021-08-27
2018-09-26,수,14717,2021-08-27
2018-09-27,목,1397,2021-08-27
2018-09-28,금,1573,2021-08-27
2018-09-29,토,2829,2021-08-27
2018-09-30,일,2877,2021-08-27
2018-10-01,월,1377,2021-08-27
2018-10-02,화,2653,2021-08-27
2018-10-03,수,4688,2021-08-27
2018-10-04,목,1450,2021-08-27
2018-10-05,금,1567,2021-08-27
2018-10-06,토,1678,2021-08-27
2018-10-07,일,5937,2021-08-27
2018-10-08,월,2546,2021-08-27
2018-10-09,화,5305,2021-08-27
2018-10-10,수,2512,2021-08-27
2018-10-11,목,1597,2021-08-27
2018-10-12,금,2122,2021-08-27
2018-10-13,토,4456,2021-08-27
2018-10-14,일,4995,2021-08-27
2018-10-15,월,1935,2021-08-27
2018-10-16,화,2008,2021-08-27
2018-10-17,수,2191,2021-08-27
2018-10-18,목,2049,2021-08-27
2018-10-19,금,2677,2021-08-27
2018-10-20,토,5759,2021-08-27
2018-10-21,일,5017,2021-08-27
2018-10-22,월,1724,2021-08-27
2018-10-23,화,2767,2021-08-27
2018-10-24,수,2239,2021-08-27
2018-10-25,목,3320,2021-08-27
2018-10-26,금,2864,2021-08-27
2018-10-27,토,6266,2021-08-27
2018-10-28,일,6479,2021-08-27
2018-10-29,월,2507,2021-08-27
2018-10-30,화,2539,2021-08-27
2018-10-31,수,3102,2021-08-27
2018-11-01,목,2749,2021-08-27
2018-11-02,금,3812,2021-08-27
2018-11-03,토,7797,2021-08-27
2018-11-04,일,6093,2021-08-27
2018-11-05,월,3035,2021-08-27
2018-11-06,화,2136,2021-08-27
2018-11-07,수,2395,2021-08-27
2018-11-08,목,1647,2021-08-27
2018-11-09,금,2479,2021-08-27
2018-11-10,토,3814,2021-08-27
2018-11-11,일,5369,2021-08-27
2018-11-12,월,2921,2021-08-27
2018-11-13,화,2223,2021-08-27
2018-11-14,수,1890,2021-08-27
2018-11-15,목,1291,2021-08-27
2018-11-16,금,1786,2021-08-27
2018-11-17,토,3178,2021-08-27
2018-11-18,일,3045,2021-08-27
2018-11-19,월,995,2021-08-27
2018-11-20,화,1623,2021-08-27
2018-11-21,수,1207,2021-08-27
2018-11-22,목,1394,2021-08-27
2018-11-23,금,1064,2021-08-27
2018-11-24,토,1251,2021-08-27
2018-11-25,일,3800,2021-08-27
2018-11-26,월,1112,2021-08-27
2018-11-27,화,986,2021-08-27
2018-11-28,수,1253,2021-08-27
2018-11-29,목,528,2021-08-27
2018-11-30,금,1904,2021-08-27
2018-12-01,토,2848,2021-08-27
2018-12-02,일,2884,2021-08-27
2018-12-03,월,1604,2021-08-27
2018-12-04,화,1847,2021-08-27
2018-12-05,수,628,2021-08-27
2018-12-06,목,1092,2021-08-27
2018-12-07,금,694,2021-08-27
2018-12-08,토,1674,2021-08-27
2018-12-09,일,1384,2021-08-27
2018-12-10,월,1138,2021-08-27
2018-12-11,화,268,2021-08-27
2018-12-12,수,884,2021-08-27
2018-12-13,목,689,2021-08-27
2018-12-14,금,999,2021-08-27
2018-12-15,토,1878,2021-08-27
2018-12-16,일,1646,2021-08-27
2018-12-17,월,1078,2021-08-27
2018-12-18,화,424,2021-08-27
2018-12-19,수,383,2021-08-27
2018-12-20,목,687,2021-08-27
2018-12-21,금,953,2021-08-27
2018-12-22,토,1763,2021-08-27
2018-12-23,일,2076,2021-08-27
2018-12-24,월,774,2021-08-27
2018-12-25,화,2133,2021-08-27
2018-12-26,수,799,2021-08-27
2018-12-27,목,467,2021-08-27
2018-12-28,금,910,2021-08-27
2018-12-29,토,1349,2021-08-27
2018-12-30,일,2229,2021-08-27
2018-12-31,월,1927,2021-08-27
2019-01-01,화,"2,330",2021-08-27
2019-01-02,수,"1,034",2021-08-27
2019-01-03,목,704,2021-08-27
2019-01-04,금,570,2021-08-27
2019-01-05,토,"1,755",2021-08-27
2019-01-06,일,"2,200",2021-08-27
2019-01-07,월,956,2021-08-27
2019-01-08,화,827,2021-08-27
2019-01-09,수,838,2021-08-27
2019-01-10,목,456,2021-08-27
2019-01-11,금,707,2021-08-27
2019-01-12,토,"1,587",2021-08-27
2019-01-13,일,"3,418",2021-08-27
2019-01-14,월,580,2021-08-27
2019-01-15,화,811,2021-08-27
2019-01-16,수,652,2021-08-27
2019-01-17,목,752,2021-08-27
2019-01-18,금,626,2021-08-27
2019-01-19,토,"2,939",2021-08-27
2019-01-20,일,"2,096",2021-08-27
2019-01-21,월,"1,085",2021-08-27
2019-01-22,화,"1,354",2021-08-27
2019-01-23,수,487,2021-08-27
2019-01-24,목,991,2021-08-27
2019-01-25,금,660,2021-08-27
2019-01-26,토,"1,445",2021-08-27
2019-01-27,일,"2,649",2021-08-27
2019-01-28,월,621,2021-08-27
2019-01-29,화,732,2021-08-27
2019-01-30,수,622,2021-08-27
2019-01-31,목,394,2021-08-27
2019-02-01,금,373,2021-08-27
2019-02-02,토,"1,760",2021-08-27
2019-02-03,일,"1,446",2021-08-27
2019-02-04,월,"5,975",2021-08-27
2019-02-05,화,"8,676",2021-08-27
2019-02-06,수,"6,479",2021-08-27
2019-02-07,목,666,2021-08-27
2019-02-08,금,719,2021-08-27
2019-02-09,토,"1,671",2021-08-27
2019-02-10,일,"1,793",2021-08-27
2019-02-11,월,363,2021-08-27
2019-02-12,화,569,2021-08-27
2019-02-13,수,562,2021-08-27
2019-02-14,목,944,2021-08-27
2019-02-15,금,675,2021-08-27
2019-02-16,토,"1,809",2021-08-27
2019-02-17,일,"1,824",2021-08-27
2019-02-18,월,510,2021-08-27
2019-02-19,화,372,2021-08-27
2019-02-20,수,553,2021-08-27
2019-02-21,목,"1,064",2021-08-27
2019-02-22,금,746,2021-08-27
2019-02-23,토,"2,665",2021-08-27
2019-02-24,일,"3,292",2021-08-27
2019-02-25,월,809,2021-08-27
2019-02-26,화,"1,312",2021-08-27
2019-02-27,수,785,2021-08-27
2019-02-28,목,"1,451",2021-08-27
2019-03-01,금,"8,684",2021-08-27
2019-03-02,토,"6,608",2021-08-27
2019-03-03,일,"2,873",2021-08-27
2019-03-04,월,672,2021-08-27
2019-03-05,화,798,2021-08-27
2019-03-06,수,612,2021-08-27
2019-03-07,목,668,2021-08-27
2019-03-08,금,677,2021-08-27
2019-03-09,토,"3,094",2021-08-27
2019-03-10,일,"1,673",2021-08-27
2019-03-11,월,680,2021-08-27
2019-03-12,화,659,2021-08-27
2019-03-13,수,803,2021-08-27
2019-03-14,목,897,2021-08-27
2019-03-15,금,"1,145",2021-08-27
2019-03-16,토,"4,012",2021-08-27
2019-03-17,일,"5,396",2021-08-27
2019-03-18,월,"1,204",2021-08-27
2019-03-19,화,"1,601",2021-08-27
2019-03-20,수,900,2021-08-27
2019-03-21,목,"1,269",2021-08-27
2019-03-22,금,"1,220",2021-08-27
2019-03-23,토,"4,131",2021-08-27
2019-03-24,일,"5,614",2021-08-27
2019-03-25,월,987,2021-08-27
2019-03-26,화,"1,209",2021-08-27
2019-03-27,수,"1,299",2021-08-27
2019-03-28,목,"1,935",2021-08-27
2019-03-29,금,"2,351",2021-08-27
2019-03-30,토,"5,495",2021-08-27
2019-03-31,일,"4,879",2021-08-27
2019-04-01,월,"2,084",2021-08-27
2019-04-02,화,"2,198",2021-08-27
2019-04-03,수,"2,725",2021-08-27
2019-04-04,목,"2,715",2021-08-27
2019-04-05,금,"2,708",2021-08-27
2019-04-06,토,"8,238",2021-08-27
2019-04-07,일,"5,315",2021-08-27
2019-04-08,월,"1,986",2021-08-27
2019-04-09,화,"2,269",2021-08-27
2019-04-10,수,"1,946",2021-08-27
2019-04-11,목,"2,310",2021-08-27
2019-04-12,금,"2,348",2021-08-27
2019-04-13,토,"6,590",2021-08-27
2019-04-14,일,"3,657",2021-08-27
2019-04-15,월,"1,849",2021-08-27
2019-04-16,화,"1,673",2021-08-27
2019-04-17,수,"2,196",2021-08-27
2019-04-18,목,"2,270",2021-08-27
2019-04-19,금,"1,911",2021-08-27
2019-04-20,토,"4,598",2021-08-27
2019-04-21,일,"4,671",2021-08-27
2019-04-22,월,"1,654",2021-08-27
2019-04-23,화,"1,487",2021-08-27
2019-04-24,수,"2,523",2021-08-27
2019-04-25,목,"2,665",2021-08-27
2019-04-26,금,"2,073",2021-08-27
2019-04-27,토,"6,039",2021-08-27
2019-04-28,일,"5,600",2021-08-27
2019-04-29,월,"1,270",2021-08-27
2019-04-30,화,"2,797",2021-08-27
2019-05-01,수,"4,475",2021-08-27
2019-05-02,목,"3,178",2021-08-27
2019-05-03,금,"2,967",2021-08-27
2019-05-04,토,"8,563",2021-08-27
2019-05-05,일,"15,170",2021-08-27
2019-05-06,월,"8,859",2021-08-27
2019-05-07,화,"3,504",2021-08-27
2019-05-08,수,"16,893",2021-08-27
2019-05-09,목,"20,629",2021-08-27
2019-05-10,금,"16,303",2021-08-27
2019-05-11,토,"30,309",2021-08-27
2019-05-12,일,"27,626",2021-08-27
2019-05-13,월,"2,984",2021-08-27
2019-05-14,화,"2,776",2021-08-27
2019-05-15,수,"3,261",2021-08-27
2019-05-16,목,"2,856",2021-08-27
2019-05-17,금,"3,299",2021-08-27
2019-05-18,토,"4,576",2021-08-27
2019-05-19,일,"5,092",2021-08-27
2019-05-20,월,"1,724",2021-08-27
2019-05-21,화,"2,007",2021-08-27
2019-05-22,수,"2,151",2021-08-27
2019-05-23,목,"3,233",2021-08-27
2019-05-24,금,"2,645",2021-08-27
2019-05-25,토,"6,308",2021-08-27
2019-05-26,일,"6,139",2021-08-27
2019-05-27,월,948,2021-08-27
2019-05-28,화,"3,100",2021-08-27
2019-05-29,수,"3,088",2021-08-27
2019-05-30,목,"2,073",2021-08-27
2019-05-31,금,"1,640",2021-08-27
2019-06-01,토,"4,301",2021-08-27
2019-06-02,일,"3,978",2021-08-27
2019-06-03,월,"1,539",2021-08-27
2019-06-04,화,"1,618",2021-08-27
2019-06-05,수,"1,464",2021-08-27
2019-06-06,목,"4,205",2021-08-27
2019-06-07,금,"4,260",2021-08-27
2019-06-08,토,"6,138",2021-08-27
2019-06-09,일,"4,431",2021-08-27
2019-06-10,월,"1,149",2021-08-27
2019-06-11,화,"1,177",2021-08-27
2019-06-12,수,"1,165",2021-08-27
2019-06-13,목,"1,694",2021-08-27
2019-06-14,금,"1,745",2021-08-27
2019-06-15,토,"3,775",2021-08-27
2019-06-16,일,"3,586",2021-08-27
2019-06-17,월,"1,156",2021-08-27
2019-06-18,화,"1,060",2021-08-27
2019-06-19,수,"1,372",2021-08-27
2019-06-20,목,"1,481",2021-08-27
2019-06-21,금,"1,813",2021-08-27
2019-06-22,토,"3,392",2021-08-27
2019-06-23,일,"3,635",2021-08-27
2019-06-24,월,"1,261",2021-08-27
2019-06-25,화,"1,214",2021-08-27
2019-06-26,수,760,2021-08-27
2019-06-27,목,"1,359",2021-08-27
2019-06-28,금,"1,485",2021-08-27
2019-06-29,토,"2,407",2021-08-27
2019-06-30,일,"3,297",2021-08-27
2019-07-01,월,998,2021-08-27
2019-07-02,화,"1,124",2021-08-27
2019-07-03,수,"1,285",2021-08-27
2019-07-04,목,"1,034",2021-08-27
2019-07-05,금,"2,783",2021-08-27
2019-07-06,토,"3,016",2021-08-27
2019-07-07,일,"2,411",2021-08-27
2019-07-08,월,674,2021-08-27
2019-07-09,화,717,2021-08-27
2019-07-10,수,527,2021-08-27
2019-07-11,목,638,2021-08-27
2019-07-12,금,"1,035",2021-08-27
2019-07-13,토,"2,934",2021-08-27
2019-07-14,일,"3,430",2021-08-27
2019-07-15,월,"1,252",2021-08-27
2019-07-16,화,"1,822",2021-08-27
2019-07-17,수,"1,231",2021-08-27
2019-07-18,목,"1,607",2021-08-27
2019-07-19,금,"1,624",2021-08-27
2019-07-20,토,"1,147",2021-08-27
2019-07-21,일,"2,063",2021-08-27
2019-07-22,월,"1,838",2021-08-27
2019-07-23,화,801,2021-08-27
2019-07-24,수,895,2021-08-27
2019-07-25,목,"1,242",2021-08-27
2019-07-26,금,"1,851",2021-08-27
2019-07-27,토,"2,034",2021-08-27
2019-07-28,일,"3,148",2021-08-27
2019-07-29,월,"3,309",2021-08-27
2019-07-30,화,"2,577",2021-08-27
2019-07-31,수,"2,657",2021-08-27
2019-08-01,목,"3,657",2021-08-27
2019-08-02,금,"5,600",2021-08-27
2019-08-03,토,"18,432",2021-08-27
2019-08-04,일,"4,462",2021-08-27
2019-08-05,월,"3,170",2021-08-27
2019-08-06,화,"2,929",2021-08-27
2019-08-07,수,"2,851",2021-08-27
2019-08-08,목,"2,477",2021-08-27
2019-08-09,금,"2,123",2021-08-27
2019-08-10,토,"4,114",2021-08-27
2019-08-11,일,"3,141",2021-08-27
2019-08-12,월,"2,057",2021-08-27
2019-08-13,화,"2,522",2021-08-27
2019-08-14,수,"1,095",2021-08-27
2019-08-15,목,"4,492",2021-08-27
2019-08-16,금,"3,351",2021-08-27
2019-08-17,토,"4,207",2021-08-27
2019-08-18,일,"3,252",2021-08-27
2019-08-19,월,"1,446",2021-08-27
2019-08-20,화,"1,235",2021-08-27
2019-08-21,수,"1,358",2021-08-27
2019-08-22,목,"1,292",2021-08-27
2019-08-23,금,"1,404",2021-08-27
2019-08-24,토,"3,040",2021-08-27
2019-08-25,일,"2,801",2021-08-27
2019-08-26,월,"1,898",2021-08-27
2019-08-27,화,500,2021-08-27
2019-08-28,수,981,2021-08-27
2019-08-29,목,"1,322",2021-08-27
2019-08-30,금,"1,871",2021-08-27
2019-08-31,토,"2,760",2021-08-27
2019-09-01,일,"2,207",2021-08-27
2019-09-02,월,241,2021-08-27
2019-09-03,화,309,2021-08-27
2019-09-04,수,446,2021-08-27
2019-09-05,목,"1,068",2021-08-27
2019-09-06,금,619,2021-08-27
2019-09-07,토,343,2021-08-27
2019-09-08,일,"2,160",2021-08-27
2019-09-09,월,364,2021-08-27
2019-09-10,화,946,2021-08-27
2019-09-11,수,"1,171",2021-08-27
2019-09-12,목,"13,346",2021-08-27
2019-09-13,금,"21,184",2021-08-27
2019-09-14,토,"21,675",2021-08-27
2019-09-15,일,"5,624",2021-08-27
2019-09-16,월,500,2021-08-27
2019-09-17,화,612,2021-08-27
2019-09-18,수,921,2021-08-27
2019-09-19,목,"1,029",2021-08-27
2019-09-20,금,"1,120",2021-08-27
2019-09-21,토,825,2021-08-27
2019-09-22,일,451,2021-08-27
2019-09-23,월,900,2021-08-27
2019-09-24,화,925,2021-08-27
2019-09-25,수,"1,415",2021-08-27
2019-09-26,목,"1,878",2021-08-27
2019-09-27,금,"2,234",2021-08-27
2019-09-28,토,"2,772",2021-08-27
2019-09-29,일,"3,451",2021-08-27
2019-09-30,월,"1,584",2021-08-27
2019-10-01,화,"1,323",2021-08-27
2019-10-02,수,542,2021-08-27
2019-10-03,목,"3,534",2021-08-27
2019-10-04,금,"3,128",2021-08-27
2019-10-05,토,"5,503",2021-08-27
2019-10-06,일,"4,328",2021-08-27
2019-10-07,월,"1,184",2021-08-27
2019-10-08,화,"1,787",2021-08-27
2019-10-09,수,"5,529",2021-08-27
2019-10-10,목,"2,396",2021-08-27
2019-10-11,금,"2,759",2021-08-27
2019-10-12,토,"6,075",2021-08-27
2019-10-13,일,"4,728",2021-08-27
2019-10-14,월,"1,426",2021-08-27
2019-10-15,화,"2,071",2021-08-27
2019-10-16,수,"2,031",2021-08-27
2019-10-17,목,"2,493",2021-08-27
2019-10-18,금,"2,450",2021-08-27
2019-10-19,토,"5,977",2021-08-27
2019-10-20,일,"5,229",2021-08-27
2019-10-21,월,"1,812",2021-08-27
2019-10-22,화,"2,103",2021-08-27
2019-10-23,수,"2,137",2021-08-27
2019-10-24,목,"3,140",2021-08-27
2019-10-25,금,"2,915",2021-08-27
2019-10-26,토,"7,960",2021-08-27
2019-10-27,일,"8,010",2021-08-27
2019-10-28,월,"2,157",2021-08-27
2019-10-29,화,"2,834",2021-08-27
2019-10-30,수,"2,189",2021-08-27
2019-10-31,목,"2,180",2021-08-27
2019-11-01,금,"2,280",2021-08-27
2019-11-02,토,"7,845",2021-08-27
2019-11-03,일,"7,504",2021-08-27
2019-11-04,월,"2,009",2021-08-27
2019-11-05,화,"2,100",2021-08-27
2019-11-06,수,"1,960",2021-08-27
2019-11-07,목,"2,855",2021-08-27
2019-11-08,금,"2,364",2021-08-27
2019-11-09,토,"7,780",2021-08-27
2019-11-10,일,"4,264",2021-08-27
2019-11-11,월,"3,786",2021-08-27
2019-11-12,화,"1,361",2021-08-27
2019-11-13,수,"1,471",2021-08-27
2019-11-14,목,"1,284",2021-08-27
2019-11-15,금,"2,684",2021-08-27
2019-11-16,토,"4,006",2021-08-27
2019-11-17,일,"4,085",2021-08-27
2019-11-18,월,"1,111",2021-08-27
2019-11-19,화,952,2021-08-27
2019-11-20,수,"1,082",2021-08-27
2019-11-21,목,"1,146",2021-08-27
2019-11-22,금,"1,352",2021-08-27
2019-11-23,토,"3,637",2021-08-27
2019-11-24,일,"3,505",2021-08-27
2019-11-25,월,624,2021-08-27
2019-11-26,화,840,2021-08-27
2019-11-27,수,448,2021-08-27
2019-11-28,목,677,2021-08-27
2019-11-29,금,"1,027",2021-08-27
2019-11-30,토,"2,441",2021-08-27
2019-12-01,일,"1,779",2021-08-27
2019-12-02,월,692,2021-08-27
2019-12-03,화,856,2021-08-27
2019-12-04,수,876,2021-08-27
2019-12-05,목,611,2021-08-27
2019-12-06,금,905,2021-08-27
2019-12-07,토,"1,942",2021-08-27
2019-12-08,일,"2,126",2021-08-27
2019-12-09,월,"1,655",2021-08-27
2019-12-10,화,"1,041",2021-08-27
2019-12-11,수,632,2021-08-27
2019-12-12,목,"1,184",2021-08-27
2019-12-13,금,"1,211",2021-08-27
2019-12-14,토,"2,140",2021-08-27
2019-12-15,일,"2,522",2021-08-27
2019-12-16,월,"1,035",2021-08-27
2019-12-17,화,832,2021-08-27
2019-12-18,수,719,2021-08-27
2019-12-19,목,813,2021-08-27
2019-12-20,금,842,2021-08-27
2019-12-21,토,"1,884",2021-08-27
2019-12-22,일,"1,681",2021-08-27
2019-12-23,월,836,2021-08-27
2019-12-24,화,921,2021-08-27
2019-12-25,수,"2,194",2021-08-27
2019-12-26,목,972,2021-08-27
2019-12-27,금,931,2021-08-27
2019-12-28,토,"2,585",2021-08-27
2019-12-29,일,"2,116",2021-08-27
2019-12-30,월,"1,214",2021-08-27
2019-12-31,화,"1,114",2021-08-27
2020-01-01,수,"1,997",2021-08-27
2020-01-02,목,999,2021-08-27
2020-01-03,금,834,2021-08-27
2020-01-04,토,"1,485",2021-08-27
2020-01-05,일,"2,028",2021-08-27
2020-01-06,월,338,2021-08-27
2020-01-07,화,271,2021-08-27
2020-01-08,수,243,2021-08-27
2020-01-09,목,722,2021-08-27
2020-01-10,금,576,2021-08-27
2020-01-11,토,"1,450",2021-08-27
2020-01-12,일,"1,559",2021-08-27
2020-01-13,월,751,2021-08-27
2020-01-14,화,645,2021-08-27
2020-01-15,수,"1,137",2021-08-27
2020-01-16,목,839,2021-08-27
2020-01-17,금,660,2021-08-27
2020-01-18,토,"1,786",2021-08-27
2020-01-19,일,"1,433",2021-08-27
2020-01-20,월,369,2021-08-27
2020-01-21,화,454,2021-08-27
2020-01-22,수,232,2021-08-27
2020-01-23,목,753,2021-08-27
2020-01-24,금,"3,293",2021-08-27
2020-01-25,토,"6,245",2021-08-27
2020-01-26,일,"6,377",2021-08-27
2020-01-27,월,709,2021-08-27
2020-01-28,화,570,2021-08-27
2020-01-29,수,786,2021-08-27
2020-01-30,목,777,2021-08-27
2020-01-31,금,868,2021-08-27
2020-02-01,토,"1,659",2021-08-27
2020-02-02,일,"1,470",2021-08-27
2020-02-03,월,708,2021-08-27
2020-02-04,화,673,2021-08-27
2020-02-05,수,273,2021-08-27
2020-02-06,목,269,2021-08-27
2020-02-07,금,390,2021-08-27
2020-02-08,토,"1,234",2021-08-27
2020-02-09,일,"1,615",2021-08-27
2020-02-10,월,425,2021-08-27
2020-02-11,화,635,2021-08-27
2020-02-12,수,250,2021-08-27
2020-02-13,목,448,2021-08-27
2020-02-14,금,634,2021-08-27
2020-02-15,토,"1,723",2021-08-27
2020-02-16,일,"1,025",2021-08-27
2020-02-17,월,388,2021-08-27
2020-02-18,화,892,2021-08-27
2020-02-19,수,861,2021-08-27
2020-02-20,목,518,2021-08-27
2020-02-21,금,493,2021-08-27
2020-02-22,토,"1,101",2021-08-27
2020-02-23,일,"1,026",2021-08-27
2020-02-24,월,626,2021-08-27
2020-02-25,화,133,2021-08-27
2020-02-26,수,262,2021-08-27
2020-02-27,목,653,2021-08-27
2020-02-28,금,467,2021-08-27
2020-02-29,토,"1,016",2021-08-27
2020-03-01,일,"1,028",2021-08-27
2020-03-02,월,534,2021-08-27
2020-03-03,화,317,2021-08-27
2020-03-04,수,244,2021-08-27
2020-03-05,목,595,2021-08-27
2020-03-06,금,392,2021-08-27
2020-03-07,토,346,2021-08-27
2020-03-08,일,"1,933",2021-08-27
2020-03-09,월,532,2021-08-27
2020-03-10,화,200,2021-08-27
2020-03-11,수,494,2021-08-27
2020-03-12,목,"1,089",2021-08-27
2020-03-13,금,"1,039",2021-08-27
2020-03-14,토,"2,354",2021-08-27
2020-03-15,일,"2,058",2021-08-27
2020-03-16,월,923,2021-08-27
2020-03-17,화,956,2021-08-27
2020-03-18,수,"1,431",2021-08-27
2020-03-19,목,730,2021-08-27
2020-03-20,금,"1,302",2021-08-27
2020-03-21,토,"3,312",2021-08-27
2020-03-22,일,"3,422",2021-08-27
2020-03-23,월,"1,105",2021-08-27
2020-03-24,화,"1,247",2021-08-27
2020-03-25,수,"1,135",2021-08-27
2020-03-26,목,677,2021-08-27
2020-03-27,금,743,2021-08-27
2020-03-28,토,"2,259",2021-08-27
2020-03-29,일,"2,891",2021-08-27
2020-03-30,월,818,2021-08-27
2020-03-31,화,"1,434",2021-08-27
2020-04-01,수,"1,184",2021-08-27
2020-04-02,목,"1,407",2021-08-27
2020-04-03,금,"1,915",2021-08-27
2020-04-04,토,"3,181",2021-08-27
2020-04-05,일,"2,895",2021-08-27
2020-04-06,월,989,2021-08-27
2020-04-07,화,"1,117",2021-08-27
2020-04-08,수,951,2021-08-27
2020-04-09,목,"1,024",2021-08-27
2020-04-10,금,"1,084",2021-08-27
2020-04-11,토,"1,495",2021-08-27
2020-04-12,일,"1,695",2021-08-27
2020-04-13,월,901,2021-08-27
2020-04-14,화,"1,141",2021-08-27
2020-04-15,수,"2,323",2021-08-27
2020-04-16,목,"1,010",2021-08-27
2020-04-17,금,804,2021-08-27
2020-04-18,토,"2,072",2021-08-27
2020-04-19,일,"1,179",2021-08-27
2020-04-20,월,732,2021-08-27
2020-04-21,화,761,2021-08-27
2020-04-22,수,519,2021-08-27
2020-04-23,목,692,2021-08-27
2020-04-24,금,"1,009",2021-08-27
2020-04-25,토,"2,991",2021-08-27
2020-04-26,일,"3,517",2021-08-27
2020-04-27,월,"1,056",2021-08-27
2020-04-28,화,"1,079",2021-08-27
2020-04-29,수,"1,378",2021-08-27
2020-04-30,목,"6,606",2021-08-27
2020-05-01,금,"7,523",2021-08-27
2020-05-02,토,"7,308",2021-08-27
2020-05-03,일,"4,382",2021-08-27
2020-05-04,월,"2,805",2021-08-27
2020-05-05,화,"4,216",2021-08-27
2020-05-06,수,"6,518",2021-08-27
2020-05-07,목,"1,184",2021-08-27
2020-05-08,금,"1,242",2021-08-27
2020-05-09,토,"1,501",2021-08-27
2020-05-10,일,"3,028",2021-08-27
2020-05-11,월,"1,163",2021-08-27
2020-05-12,화,"1,160",2021-08-27
2020-05-13,수,"1,763",2021-08-27
2020-05-14,목,"1,213",2021-08-27
2020-05-15,금,860,2021-08-27
2020-05-16,토,"3,806",2021-08-27
2020-05-17,일,"7,921",2021-08-27
2020-05-18,월,978,2021-08-27
2020-05-19,화,857,2021-08-27
2020-05-20,수,"1,306",2021-08-27
2020-05-21,목,"1,422",2021-08-27
2020-05-22,금,"1,359",2021-08-27
2020-05-23,토,"3,891",2021-08-27
2020-05-24,일,"2,906",2021-08-27
2020-05-25,월,"1,218",2021-08-27
2020-05-26,화,"1,155",2021-08-27
2020-05-27,수,"1,108",2021-08-27
2020-05-28,목,"1,161",2021-08-27
2020-05-29,금,"1,383",2021-08-27
2020-05-30,토,"4,059",2021-08-27
2020-05-31,일,"3,197",2021-08-27
2020-06-01,월,"1,087",2021-08-27
2020-06-02,화,"1,090",2021-08-27
2020-06-03,수,963,2021-08-27
2020-06-04,목,"1,162",2021-08-27
2020-06-05,금,"1,539",2021-08-27
2020-06-06,토,"3,693",2021-08-27
2020-06-07,일,"3,439",2021-08-27
2020-06-08,월,"1,076",2021-08-27
2020-06-09,화,"1,128",2021-08-27
2020-06-10,수,951,2021-08-27
2020-06-11,목,977,2021-08-27
2020-06-12,금,"1,480",2021-08-27
2020-06-13,토,"2,185",2021-08-27
2020-06-14,일,"2,648",2021-08-27
2020-06-15,월,"1,056",2021-08-27
2020-06-16,화,"1,754",2021-08-27
2020-06-17,수,"1,965",2021-08-27
2020-06-18,목,"1,029",2021-08-27
2020-06-19,금,"2,858",2021-08-27
2020-06-20,토,"4,625",2021-08-27
2020-06-21,일,"3,754",2021-08-27
2020-06-22,월,"1,341",2021-08-27
2020-06-23,화,"1,249",2021-08-27
2020-06-24,수,960,2021-08-27
2020-06-25,목,894,2021-08-27
2020-06-26,금,"1,614",2021-08-27
2020-06-27,토,"3,576",2021-08-27
2020-06-28,일,"3,015",2021-08-27
2020-06-29,월,"1,091",2021-08-27
2020-06-30,화,"1,058",2021-08-27
2020-07-01,수,439,2021-08-27
2020-07-02,목,"1,351",2021-08-27
2020-07-03,금,"1,583",2021-08-27
2020-07-04,토,"3,272",2021-08-27
2020-07-05,일,"3,021",2021-08-27
2020-07-06,월,"1,339",2021-08-27
2020-07-07,화,"1,465",2021-08-27
2020-07-08,수,372,2021-08-27
2020-07-09,목,"1,809",2021-08-27
2020-07-10,금,"1,536",2021-08-27
2020-07-11,토,"2,688",2021-08-27
2020-07-12,일,"1,810",2021-08-27
2020-07-13,월,"1,144",2021-08-27
2020-07-14,화,861,2021-08-27
2020-07-15,수,"1,518",2021-08-27
2020-07-16,목,"1,499",2021-08-27
2020-07-17,금,"1,938",2021-08-27
2020-07-18,토,"3,826",2021-08-27
2020-07-19,일,"2,695",2021-08-27
2020-07-20,월,"1,122",2021-08-27
2020-07-21,화,"1,360",2021-08-27
2020-07-22,수,930,2021-08-27
2020-07-23,목,984,2021-08-27
2020-07-24,금,"1,295",2021-08-27
2020-07-25,토,"2,638",2021-08-27
2020-07-26,일,"3,649",2021-08-27
2020-07-27,월,"1,444",2021-08-27
2020-07-28,화,"1,507",2021-08-27
2020-07-29,수,"1,368",2021-08-27
2020-07-30,목,745,2021-08-27
2020-07-31,금,"2,356",2021-08-27
